id,first_name,last_name,email,gender
1,Archie,Waker,awaker0@github.io,Non-binary
2,Dallon,Benley,dbenley1@imageshack.us,Female
3,Alick,Nunson,anunson2@miitbeian.gov.cn,Non-binary
4,Scarlett,Arent,sarent3@nytimes.com,Bigender
5,Hy,Myton,hmyton4@ebay.co.uk,Genderqueer
6,Stoddard,Locks,slocks5@amazon.co.uk,Female
7,Viole,Ades,vades6@eepurl.com,Agender
8,Rodrigo,Jalland,rjalland7@economist.com,Genderqueer
9,Kay,Andreasson,kandreasson8@google.com.br,Genderfluid
10,Aggi,O'Cuddie,aocuddie9@mapquest.com,Polygender
11,Wenonah,Camies,wcamiesa@devhub.com,Agender
12,Allison,Lipmann,alipmannb@google.it,Male
13,Kaitlin,Matskevich,kmatskevichc@marriott.com,Male
14,Sibella,Fuente,sfuented@devhub.com,Genderfluid
15,Paula,Jesteco,pjestecoe@wunderground.com,Bigender
16,Consuela,Heathcoat,cheathcoatf@dailymotion.com,Female
17,Shawn,Blamires,sblamiresg@alexa.com,Female
18,Malchy,Gierek,mgierekh@dropbox.com,Male
19,Saba,Scrivinor,sscrivinori@gmpg.org,Male
20,Terese,Adaway,tadawayj@surveymonkey.com,Bigender
21,Karlan,Rumsby,krumsbyk@nbcnews.com,Agender
22,Ethelin,Darrel,edarrell@facebook.com,Polygender
23,Joline,Tilzey,jtilzeym@topsy.com,Polygender
24,Bliss,Eisak,beisakn@usa.gov,Genderqueer
25,Thedric,Maffioletti,tmaffiolettio@netvibes.com,Polygender
26,Carol-jean,Skey,cskeyp@weebly.com,Male
27,Donni,Stut,dstutq@skyrock.com,Agender
28,Karlik,Hembrow,khembrowr@tinypic.com,Genderqueer
29,Riccardo,Guthrie,rguthries@tiny.cc,Female
30,Padraig,Burnell,pburnellt@about.com,Genderqueer
31,Meagan,Coombs,mcoombsu@twitter.com,Polygender
32,Mitchael,Baitman,mbaitmanv@google.co.jp,Male
33,Justino,Coverdale,jcoverdalew@hatena.ne.jp,Female
34,Clem,Mustchin,cmustchinx@reddit.com,Agender
35,Trista,Cory,tcoryy@google.com,Non-binary
36,Anjela,Sexon,asexonz@cbc.ca,Non-binary
37,Lurline,Skones,lskones10@tripod.com,Female
38,Page,Hargie,phargie11@paypal.com,Female
39,Welch,Coombe,wcoombe12@msn.com,Agender
40,Marj,Calf,mcalf13@taobao.com,Genderfluid
41,Gayle,O'Loughane,goloughane14@army.mil,Non-binary
42,Curr,Dickerson,cdickerson15@whitehouse.gov,Genderfluid
43,Errick,Burd,eburd16@fc2.com,Polygender
44,Jillana,Boom,jboom17@webeden.co.uk,Male
45,Wanids,Van Der Hoog,wvanderhoog18@nationalgeographic.com,Male
46,Eleni,Townsend,etownsend19@blogspot.com,Genderfluid
47,Gilburt,Swinyard,gswinyard1a@hibu.com,Genderfluid
48,Luca,Cansfield,lcansfield1b@nhs.uk,Agender
49,Johnathon,Seczyk,jseczyk1c@salon.com,Agender
50,Ermina,Wallage,ewallage1d@cyberchimps.com,Female
51,Muffin,Samber,msamber1e@jimdo.com,Non-binary
52,Nathanil,Wailes,nwailes1f@myspace.com,Female
53,Lorelei,Goldup,lgoldup1g@theglobeandmail.com,Male
54,Bert,Ragles,bragles1h@squarespace.com,Agender
55,Lorrayne,Churching,lchurching1i@state.gov,Non-binary
56,Lorilyn,Okie,lokie1j@cnn.com,Agender
57,Isidor,Dillingham,idillingham1k@dailymail.co.uk,Agender
58,Doug,Radbone,dradbone1l@un.org,Bigender
59,Kathleen,Lightowler,klightowler1m@netlog.com,Genderfluid
60,Aluino,Wickerson,awickerson1n@oakley.com,Genderqueer
61,Arleen,Shilliday,ashilliday1o@e-recht24.de,Male
62,Pearl,Baruch,pbaruch1p@aboutads.info,Agender
63,Jillana,Rozet,jrozet1q@oracle.com,Male
64,Gavin,Marzele,gmarzele1r@sun.com,Male
65,Silvan,Kestin,skestin1s@meetup.com,Male
66,Jayme,Blore,jblore1t@amazon.de,Genderfluid
67,Waylan,Olifaunt,wolifaunt1u@merriam-webster.com,Polygender
68,Greta,Newbigging,gnewbigging1v@statcounter.com,Genderqueer
69,Odilia,Garshore,ogarshore1w@tripod.com,Bigender
70,Sarene,Torri,storri1x@jiathis.com,Genderqueer
71,Alvira,Kilborn,akilborn1y@about.me,Non-binary
72,Alameda,Cato,acato1z@cyberchimps.com,Genderfluid
73,Agnes,Hiscoe,ahiscoe20@bravesites.com,Male
74,Gustavus,Millom,gmillom21@plala.or.jp,Polygender
75,Carlie,Barrett,cbarrett22@redcross.org,Bigender
76,Oran,Creer,ocreer23@seesaa.net,Non-binary
77,Jacky,Yewman,jyewman24@youtube.com,Genderqueer
78,Pepi,Luther,pluther25@storify.com,Male
79,Annabal,Sprowle,asprowle26@businessinsider.com,Male
80,Urbanus,Vatcher,uvatcher27@cargocollective.com,Bigender
81,Dirk,Peacop,dpeacop28@skype.com,Bigender
82,Tildie,Knott,tknott29@eventbrite.com,Polygender
83,Murvyn,Boulds,mboulds2a@people.com.cn,Bigender
84,Rolland,Nanninini,rnanninini2b@canalblog.com,Non-binary
85,Kial,Ivannikov,kivannikov2c@sina.com.cn,Polygender
86,Janean,Spikins,jspikins2d@examiner.com,Bigender
87,Emmett,Buzine,ebuzine2e@cbc.ca,Genderfluid
88,Garnette,Luesley,gluesley2f@geocities.jp,Genderfluid
89,Shandie,Librey,slibrey2g@upenn.edu,Male
90,Rip,Measom,rmeasom2h@twitter.com,Polygender
91,Evangelina,Doyley,edoyley2i@ehow.com,Male
92,Edik,Suggey,esuggey2j@joomla.org,Polygender
93,Patrice,Maior,pmaior2k@etsy.com,Bigender
94,Berta,Thornborrow,bthornborrow2l@gmpg.org,Female
95,Elvera,O'Lagen,eolagen2m@123-reg.co.uk,Male
96,Ogdan,Shirtliff,oshirtliff2n@simplemachines.org,Female
97,Alphonse,Shercliff,ashercliff2o@wufoo.com,Genderfluid
98,Shea,Saywell,ssaywell2p@last.fm,Bigender
99,Cynde,Libbis,clibbis2q@ovh.net,Male
100,Connie,Brocket,cbrocket2r@canalblog.com,Non-binary
101,Eadith,Rivard,erivard2s@canalblog.com,Polygender
102,Caresa,Tribe,ctribe2t@hp.com,Genderqueer
103,Camala,Wedmore.,cwedmore2u@marriott.com,Genderqueer
104,Prisca,Stadding,pstadding2v@sitemeter.com,Non-binary
105,Linus,Tapley,ltapley2w@ucla.edu,Female
106,Delora,Lumber,dlumber2x@comsenz.com,Male
107,Marjie,Minall,mminall2y@sogou.com,Bigender
108,Dallas,Bagnal,dbagnal2z@digg.com,Agender
109,Bernita,Uttermare,buttermare30@mit.edu,Bigender
110,Loy,Crinidge,lcrinidge31@163.com,Genderqueer
111,Benny,Skillern,bskillern32@twitpic.com,Polygender
112,Florence,Nemchinov,fnemchinov33@cafepress.com,Genderfluid
113,Prince,Curphey,pcurphey34@telegraph.co.uk,Female
114,Wrennie,Jendrusch,wjendrusch35@bizjournals.com,Female
115,Winnah,Leadbeatter,wleadbeatter36@google.it,Genderqueer
116,Siobhan,Livett,slivett37@constantcontact.com,Genderfluid
117,Arlyne,Whitlock,awhitlock38@blogger.com,Bigender
118,Katerina,McCorley,kmccorley39@soup.io,Agender
119,Horton,Milnthorpe,hmilnthorpe3a@typepad.com,Polygender
120,Travers,Geffcock,tgeffcock3b@globo.com,Agender
121,Jackqueline,Riddeough,jriddeough3c@youtu.be,Genderfluid
122,Vivien,Brixey,vbrixey3d@nature.com,Genderfluid
123,Daisie,Ruffler,druffler3e@nbcnews.com,Agender
124,Darrin,Squires,dsquires3f@ucsd.edu,Bigender
125,Germaine,Skeen,gskeen3g@addtoany.com,Non-binary
126,Dalston,Fynn,dfynn3h@merriam-webster.com,Agender
127,Erskine,Benediktovich,ebenediktovich3i@timesonline.co.uk,Non-binary
128,Byran,Bengal,bbengal3j@usa.gov,Polygender
129,Geoffry,Boylin,gboylin3k@furl.net,Bigender
130,Mace,Desseine,mdesseine3l@whitehouse.gov,Male
131,Bartel,Allsobrook,ballsobrook3m@ucla.edu,Polygender
132,Kayla,Figg,kfigg3n@nature.com,Non-binary
133,Liv,Marusic,lmarusic3o@independent.co.uk,Genderqueer
134,Dawn,Teodoro,dteodoro3p@unblog.fr,Agender
135,Micheline,Cackett,mcackett3q@geocities.jp,Bigender
136,Jarrod,Stirland,jstirland3r@oakley.com,Agender
137,Oswell,Wallbrook,owallbrook3s@mit.edu,Female
138,Reynard,MacTurlough,rmacturlough3t@un.org,Non-binary
139,Silvano,Luby,sluby3u@flavors.me,Genderfluid
140,Sidonnie,Beiderbecke,sbeiderbecke3v@umich.edu,Agender
141,Dyna,Keddy,dkeddy3w@myspace.com,Genderfluid
142,Alwin,Union,aunion3x@wordpress.org,Polygender
143,Anjanette,Cords,acords3y@jiathis.com,Genderqueer
144,Erv,Gosnold,egosnold3z@123-reg.co.uk,Female
145,Kassey,Jewers,kjewers40@bing.com,Polygender
146,Desmund,Astlett,dastlett41@dmoz.org,Polygender
147,Salvidor,Shakle,sshakle42@qq.com,Genderfluid
148,Kimberlyn,O'Leahy,koleahy43@1und1.de,Male
149,Nicola,Shepperd,nshepperd44@shinystat.com,Genderqueer
150,Idell,Twatt,itwatt45@dailymotion.com,Male
151,Janina,Torns,jtorns46@princeton.edu,Female
152,Beulah,Paybody,bpaybody47@quantcast.com,Genderqueer
153,Louisa,Sinton,lsinton48@rakuten.co.jp,Female
154,Jandy,Yandle,jyandle49@furl.net,Genderqueer
155,Hugibert,Naughton,hnaughton4a@plala.or.jp,Genderfluid
156,Maible,Cuardall,mcuardall4b@seattletimes.com,Bigender
157,Barbie,Casina,bcasina4c@sitemeter.com,Female
158,Viola,Ashbe,vashbe4d@ycombinator.com,Genderqueer
159,Verge,O'Fogarty,vofogarty4e@php.net,Bigender
160,Dalli,Eul,deul4f@flavors.me,Agender
161,Rem,Murney,rmurney4g@histats.com,Female
162,Cole,Orris,corris4h@jimdo.com,Polygender
163,Odilia,McGauhy,omcgauhy4i@exblog.jp,Polygender
164,Maxy,Flanaghan,mflanaghan4j@purevolume.com,Agender
165,Ilka,Bernon,ibernon4k@timesonline.co.uk,Polygender
166,Ingunna,Pamphilon,ipamphilon4l@globo.com,Polygender
167,Jerrine,Papierz,jpapierz4m@technorati.com,Bigender
168,Britney,Lupton,blupton4n@china.com.cn,Non-binary
169,Melodee,Baugh,mbaugh4o@springer.com,Male
170,Tait,Husset,thusset4p@vinaora.com,Agender
171,Belia,Mill,bmill4q@usa.gov,Agender
172,Noemi,Lanchberry,nlanchberry4r@ustream.tv,Male
173,Brana,Bletsor,bbletsor4s@aol.com,Polygender
174,Izak,Coniam,iconiam4t@yale.edu,Polygender
175,Regan,Dionisio,rdionisio4u@yandex.ru,Non-binary
176,Marielle,Chene,mchene4v@google.pl,Female
177,Annetta,Foye,afoye4w@pen.io,Polygender
178,Adaline,Ca,aca4x@wp.com,Male
179,Hedda,Jelphs,hjelphs4y@example.com,Genderfluid
180,Bettina,Vittori,bvittori4z@webnode.com,Genderfluid
181,Martynne,Belderfield,mbelderfield50@guardian.co.uk,Male
182,Ainslee,Conelly,aconelly51@meetup.com,Agender
183,Zolly,Barnhart,zbarnhart52@gravatar.com,Polygender
184,Willi,Branch,wbranch53@github.io,Male
185,Cynthea,Duny,cduny54@linkedin.com,Genderqueer
186,Vincenty,O'Scollee,voscollee55@bloomberg.com,Genderfluid
187,Giacopo,Tocque,gtocque56@answers.com,Male
188,Glynn,Gaukrodge,ggaukrodge57@last.fm,Bigender
189,Kath,McKeowon,kmckeowon58@businessinsider.com,Agender
190,Tersina,Bonifazio,tbonifazio59@csmonitor.com,Female
191,Lura,Norvell,lnorvell5a@gravatar.com,Agender
192,Fletch,Chue,fchue5b@issuu.com,Genderfluid
193,Brooks,Sillars,bsillars5c@zimbio.com,Non-binary
194,Charmion,Winch,cwinch5d@cbsnews.com,Male
195,Vladimir,Mantha,vmantha5e@sakura.ne.jp,Agender
196,Elsy,Pischoff,epischoff5f@vkontakte.ru,Female
197,Dorothy,Haselgrove,dhaselgrove5g@cyberchimps.com,Bigender
198,Valenka,Batthew,vbatthew5h@abc.net.au,Agender
199,Murray,Walpole,mwalpole5i@privacy.gov.au,Female
200,Rory,Philippsohn,rphilippsohn5j@vk.com,Agender
201,Gilly,Skellern,gskellern5k@nationalgeographic.com,Male
202,Shane,Leafe,sleafe5l@example.com,Bigender
203,Beverlie,Gyse,bgyse5m@independent.co.uk,Agender
204,Cornelius,Stanaway,cstanaway5n@macromedia.com,Agender
205,Packston,Ingarfield,pingarfield5o@ucoz.ru,Agender
206,Amalita,Overthrow,aoverthrow5p@go.com,Bigender
207,Keefer,Prudence,kprudence5q@simplemachines.org,Agender
208,Donall,Elecum,delecum5r@ucla.edu,Non-binary
209,Pat,Draude,pdraude5s@free.fr,Female
210,Thaddus,Geddis,tgeddis5t@rediff.com,Bigender
211,Nadia,Wild,nwild5u@archive.org,Polygender
212,Sollie,Costanza,scostanza5v@booking.com,Male
213,Danell,Wyeld,dwyeld5w@wix.com,Polygender
214,Anna-maria,Bathow,abathow5x@exblog.jp,Bigender
215,Rodge,McAvey,rmcavey5y@narod.ru,Polygender
216,Lenora,Burtonshaw,lburtonshaw5z@cafepress.com,Female
217,Marji,Cahillane,mcahillane60@about.me,Female
218,Arlinda,Campany,acampany61@nymag.com,Female
219,Any,Schroder,aschroder62@walmart.com,Polygender
220,Brett,Aronowicz,baronowicz63@meetup.com,Non-binary
221,Xena,Lening,xlening64@sohu.com,Male
222,Perl,Nares,pnares65@nytimes.com,Female
223,Lily,Tomaino,ltomaino66@webmd.com,Bigender
224,Fanya,Emmot,femmot67@domainmarket.com,Female
225,Ann,Newcombe,anewcombe68@usda.gov,Polygender
226,Lindsy,Dillintone,ldillintone69@nymag.com,Genderqueer
227,Karlotta,Jindra,kjindra6a@examiner.com,Non-binary
228,Yardley,Rubenfeld,yrubenfeld6b@usnews.com,Non-binary
229,Shell,Kamenar,skamenar6c@geocities.jp,Female
230,Marge,Petrovic,mpetrovic6d@mediafire.com,Polygender
231,Wittie,Savoury,wsavoury6e@amazon.de,Male
232,Dianemarie,Ingledew,dingledew6f@mayoclinic.com,Bigender
233,Rebecca,Scollard,rscollard6g@oaic.gov.au,Genderfluid
234,Neil,Heddan,nheddan6h@amazon.com,Genderfluid
235,Rollin,Brookesbie,rbrookesbie6i@house.gov,Agender
236,Addi,Aingell,aaingell6j@reuters.com,Genderqueer
237,Sauncho,Wild,swild6k@answers.com,Male
238,Jacquenetta,Easman,jeasman6l@army.mil,Female
239,Bailie,St Louis,bstlouis6m@creativecommons.org,Male
240,Lauree,Antonelli,lantonelli6n@blogspot.com,Agender
241,Marc,Scopyn,mscopyn6o@hao123.com,Agender
242,Ellie,Wellbeloved,ewellbeloved6p@paypal.com,Female
243,Bev,Tart,btart6q@networksolutions.com,Male
244,Guillaume,Danter,gdanter6r@google.co.uk,Male
245,Lazarus,McKeggie,lmckeggie6s@drupal.org,Non-binary
246,Rollins,Minshull,rminshull6t@jalbum.net,Non-binary
247,Daisie,Limpertz,dlimpertz6u@dyndns.org,Polygender
248,Rosco,Clelland,rclelland6v@trellian.com,Agender
249,Etti,Ofen,eofen6w@nih.gov,Bigender
250,Donny,Molineux,dmolineux6x@cmu.edu,Male
251,Lynnette,Moorhouse,lmoorhouse6y@go.com,Female
252,Zacharia,Girardez,zgirardez6z@go.com,Polygender
253,Tanitansy,Ferrolli,tferrolli70@deviantart.com,Bigender
254,Johan,Venour,jvenour71@hhs.gov,Agender
255,Denice,Basso,dbasso72@theglobeandmail.com,Male
256,Dwayne,Bordessa,dbordessa73@sitemeter.com,Genderqueer
257,Shepperd,Pyburn,spyburn74@cnbc.com,Genderfluid
258,Berenice,Pettegre,bpettegre75@hugedomains.com,Non-binary
259,Jenni,Master,jmaster76@slashdot.org,Polygender
260,Isaak,Hunter,ihunter77@earthlink.net,Non-binary
261,Stewart,Eddow,seddow78@umn.edu,Bigender
262,Christalle,Ashwood,cashwood79@nifty.com,Polygender
263,Cecilius,Songest,csongest7a@behance.net,Bigender
264,Madelyn,Bern,mbern7b@purevolume.com,Polygender
265,Caspar,Buten,cbuten7c@people.com.cn,Bigender
266,Rhianon,Jeffress,rjeffress7d@paypal.com,Polygender
267,Arabele,Foot,afoot7e@fastcompany.com,Genderqueer
268,Davin,Cressar,dcressar7f@qq.com,Non-binary
269,Maureene,O'Flaherty,moflaherty7g@comcast.net,Polygender
270,Aime,Averay,aaveray7h@twitpic.com,Male
271,Traver,Cale,tcale7i@twitter.com,Agender
272,Meggy,Hookes,mhookes7j@reference.com,Male
273,Angeli,Castagne,acastagne7k@noaa.gov,Male
274,Shelby,Sayle,ssayle7l@spotify.com,Female
275,Jemie,Verty,jverty7m@technorati.com,Non-binary
276,Melvin,Grzelak,mgrzelak7n@cloudflare.com,Non-binary
277,Lanie,Chetwin,lchetwin7o@liveinternet.ru,Male
278,Nolly,Durek,ndurek7p@vkontakte.ru,Agender
279,Reginald,Johann,rjohann7q@state.gov,Polygender
280,Franni,Cereceres,fcereceres7r@pen.io,Non-binary
281,Leigh,Purton,lpurton7s@yellowpages.com,Polygender
282,Wilbur,Dzenisenka,wdzenisenka7t@japanpost.jp,Genderfluid
283,Devonna,Corwin,dcorwin7u@blogs.com,Genderfluid
284,Sabine,Cowley,scowley7v@about.com,Non-binary
285,Farlee,Baline,fbaline7w@printfriendly.com,Non-binary
286,Paolina,Dunphy,pdunphy7x@newsvine.com,Polygender
287,Georgie,Gallatly,ggallatly7y@etsy.com,Genderfluid
288,Toiboid,Iacomi,tiacomi7z@addthis.com,Male
289,Fulton,Syrie,fsyrie80@mediafire.com,Genderfluid
290,Franciska,Macveigh,fmacveigh81@virginia.edu,Female
291,Jamie,Besnardeau,jbesnardeau82@wikia.com,Bigender
292,Tonye,Sifflett,tsifflett83@e-recht24.de,Agender
293,Hermann,Lanning,hlanning84@ebay.co.uk,Agender
294,Yuri,Coale,ycoale85@npr.org,Polygender
295,Obed,Browne,obrowne86@oracle.com,Non-binary
296,Lucie,Konertz,lkonertz87@dmoz.org,Genderqueer
297,Kele,Izakovitz,kizakovitz88@mayoclinic.com,Bigender
298,Raynard,Pearch,rpearch89@plala.or.jp,Female
299,Essa,Gariff,egariff8a@usa.gov,Female
300,Mervin,Hodgets,mhodgets8b@bizjournals.com,Genderqueer
301,Ahmad,Rollitt,arollitt8c@ebay.co.uk,Male
302,Hadley,Fraschini,hfraschini8d@friendfeed.com,Genderfluid
303,Christi,Molen,cmolen8e@furl.net,Agender
304,Aldo,Boxell,aboxell8f@t-online.de,Agender
305,Bessie,Verdy,bverdy8g@scribd.com,Male
306,Ermanno,Meconi,emeconi8h@gmpg.org,Agender
307,Terrye,Nelson,tnelson8i@oakley.com,Non-binary
308,Cristionna,Cluney,ccluney8j@hp.com,Polygender
309,Jereme,Ellicott,jellicott8k@economist.com,Genderfluid
310,Amargo,Matthiae,amatthiae8l@wsj.com,Agender
311,Matthaeus,Pullar,mpullar8m@eepurl.com,Agender
312,Morganne,Dryden,mdryden8n@amazon.co.uk,Bigender
313,Tommy,Clowton,tclowton8o@slideshare.net,Genderqueer
314,Gretchen,Sapsed,gsapsed8p@homestead.com,Genderqueer
315,Inesita,Reaman,ireaman8q@go.com,Genderfluid
316,Sam,Fellgate,sfellgate8r@mozilla.org,Polygender
317,Conny,Hallad,challad8s@vinaora.com,Polygender
318,Sasha,Bridson,sbridson8t@canalblog.com,Agender
319,Helyn,Martinello,hmartinello8u@storify.com,Male
320,Cassey,Marple,cmarple8v@yahoo.co.jp,Polygender
321,Cherianne,Brunsden,cbrunsden8w@army.mil,Genderfluid
322,Isadore,Tosspell,itosspell8x@columbia.edu,Male
323,Mead,Kemmish,mkemmish8y@blogger.com,Genderfluid
324,Josepha,Northrop,jnorthrop8z@wikispaces.com,Bigender
325,Ingaborg,Cornner,icornner90@e-recht24.de,Female
326,Vivyanne,Wignall,vwignall91@hubpages.com,Genderqueer
327,Rudiger,Laurie,rlaurie92@archive.org,Non-binary
328,Dwayne,Triebner,dtriebner93@ning.com,Genderqueer
329,Jesse,Bartali,jbartali94@bbc.co.uk,Male
330,Aindrea,St. Quentin,astquentin95@woothemes.com,Polygender
331,Saraann,Paulig,spaulig96@bandcamp.com,Male
332,Collin,Corten,ccorten97@1688.com,Bigender
333,Ondrea,Paule,opaule98@thetimes.co.uk,Agender
334,Westleigh,Cozby,wcozby99@harvard.edu,Genderqueer
335,Anneliese,Izen,aizen9a@blog.com,Genderfluid
336,Kellina,Goolding,kgoolding9b@jalbum.net,Male
337,Lemuel,Bahde,lbahde9c@sbwire.com,Female
338,Perceval,Rude,prude9d@auda.org.au,Female
339,Benedict,Carey,bcarey9e@nifty.com,Non-binary
340,Eden,Fonquernie,efonquernie9f@mail.ru,Female
341,Mimi,Rofe,mrofe9g@list-manage.com,Genderqueer
342,Elli,Puxley,epuxley9h@jigsy.com,Genderqueer
343,Bronny,Wigsell,bwigsell9i@privacy.gov.au,Agender
344,Wilma,Cluer,wcluer9j@artisteer.com,Non-binary
345,Susanetta,Broadnicke,sbroadnicke9k@hc360.com,Female
346,Cassandre,Abel,cabel9l@yahoo.co.jp,Male
347,Bride,Pagett,bpagett9m@hugedomains.com,Female
348,Brynn,Bampfield,bbampfield9n@netvibes.com,Female
349,Robby,Govett,rgovett9o@123-reg.co.uk,Non-binary
350,Rosemarie,Flay,rflay9p@huffingtonpost.com,Polygender
351,Lisette,Durran,ldurran9q@studiopress.com,Male
352,Quintana,Cheyenne,qcheyenne9r@sitemeter.com,Genderfluid
353,Van,Hulls,vhulls9s@hubpages.com,Agender
354,Claudette,Parnaby,cparnaby9t@hubpages.com,Agender
355,Lena,Coddington,lcoddington9u@nhs.uk,Male
356,Eliza,McKeand,emckeand9v@google.co.jp,Agender
357,Idelle,Dorkin,idorkin9w@twitter.com,Male
358,Dickie,Nockalls,dnockalls9x@intel.com,Non-binary
359,Devora,Best,dbest9y@surveymonkey.com,Male
360,Kienan,Crenshaw,kcrenshaw9z@apple.com,Male
361,Sullivan,Skeldon,sskeldona0@people.com.cn,Genderfluid
362,Luther,Boxhall,lboxhalla1@blogspot.com,Genderfluid
363,Mylo,Buston,mbustona2@abc.net.au,Male
364,Ernesto,Beggs,ebeggsa3@seattletimes.com,Non-binary
365,Ninnette,Lightowler,nlightowlera4@ifeng.com,Bigender
366,Claus,Castanone,ccastanonea5@va.gov,Bigender
367,Tadeas,Lemonby,tlemonbya6@huffingtonpost.com,Female
368,Alick,Goldin,agoldina7@blogger.com,Bigender
369,Alidia,Delue,adeluea8@ezinearticles.com,Male
370,Kirby,Fernyhough,kfernyhougha9@imdb.com,Genderfluid
371,Pru,Cranstoun,pcranstounaa@fema.gov,Genderfluid
372,Van,Lyenyng,vlyenyngab@google.ru,Genderqueer
373,Cyndi,Glader,cgladerac@nyu.edu,Male
374,Cherin,Milkin,cmilkinad@etsy.com,Female
375,Darin,O'Hogertie,dohogertieae@google.pl,Polygender
376,Lynn,Murby,lmurbyaf@goo.gl,Genderfluid
377,Bambi,MacTerrelly,bmacterrellyag@usda.gov,Bigender
378,Marylinda,Casale,mcasaleah@wikia.com,Non-binary
379,Cahra,Woolcocks,cwoolcocksai@businessweek.com,Non-binary
380,Charleen,Tweddell,ctweddellaj@narod.ru,Non-binary
381,Midge,Jerratsch,mjerratschak@unesco.org,Non-binary
382,Baillie,Gronno,bgronnoal@woothemes.com,Female
383,Arliene,Mebs,amebsam@pbs.org,Genderfluid
384,Clarine,Phoebe,cphoebean@mlb.com,Agender
385,Erminia,Sheeres,esheeresao@bigcartel.com,Non-binary
386,Keelia,Kless,kklessap@guardian.co.uk,Male
387,Lesya,Shewen,lshewenaq@unc.edu,Female
388,Guinna,Tather,gtatherar@sphinn.com,Female
389,Trefor,Suff,tsuffas@meetup.com,Non-binary
390,Julian,Waud,jwaudat@noaa.gov,Female
391,Aleen,Fines,afinesau@smugmug.com,Genderfluid
392,Karyn,Kewzick,kkewzickav@earthlink.net,Female
393,Lauren,Demicoli,ldemicoliaw@phoca.cz,Male
394,Suzanna,Samart,ssamartax@army.mil,Bigender
395,Vidovik,Prott,vprottay@foxnews.com,Agender
396,Pavia,Morshead,pmorsheadaz@sourceforge.net,Genderfluid
397,Hilly,Harwood,hharwoodb0@slashdot.org,Non-binary
398,Emlynne,Hovie,ehovieb1@ucla.edu,Male
399,Chery,Hamner,chamnerb2@pcworld.com,Bigender
400,Othilia,Trathan,otrathanb3@naver.com,Genderqueer
401,Mellicent,Marder,mmarderb4@hao123.com,Genderfluid
402,Martelle,Bowker,mbowkerb5@wsj.com,Polygender
403,Ruperto,Richardot,rrichardotb6@apache.org,Genderfluid
404,Linnea,Bernardo,lbernardob7@ucla.edu,Non-binary
405,Katharyn,Reynard,kreynardb8@tripod.com,Genderqueer
406,Ev,Farlane,efarlaneb9@princeton.edu,Agender
407,Ara,Sprowson,asprowsonba@webmd.com,Genderfluid
408,Otto,Crane,ocranebb@answers.com,Genderqueer
409,Thayne,Fairclough,tfaircloughbc@reverbnation.com,Female
410,Felice,Shankle,fshanklebd@whitehouse.gov,Female
411,Lynette,Hawgood,lhawgoodbe@admin.ch,Agender
412,Carlynne,Merkel,cmerkelbf@psu.edu,Polygender
413,Maddy,Lalonde,mlalondebg@engadget.com,Male
414,Ilise,Mulran,imulranbh@nba.com,Non-binary
415,Randy,Robe,rrobebi@chronoengine.com,Bigender
416,Lucia,Del Castello,ldelcastellobj@wikipedia.org,Genderqueer
417,Elianora,Backshall,ebackshallbk@amazon.de,Genderfluid
418,Charmane,Lead,cleadbl@wikimedia.org,Male
419,Hannah,Ceely,hceelybm@loc.gov,Agender
420,Sibley,Mauser,smauserbn@walmart.com,Agender
421,Gill,Savery,gsaverybo@alexa.com,Male
422,Lotta,Wiz,lwizbp@hostgator.com,Bigender
423,Flossi,Dallow,fdallowbq@google.nl,Genderfluid
424,Harmon,Silversmid,hsilversmidbr@elegantthemes.com,Non-binary
425,Doralyn,Benardette,dbenardettebs@parallels.com,Male
426,Johnathan,Heaton,jheatonbt@ihg.com,Female
427,Darnell,Leggett,dleggettbu@dion.ne.jp,Polygender
428,Elsbeth,Bromehead,ebromeheadbv@dyndns.org,Genderqueer
429,Mala,Peetermann,mpeetermannbw@mayoclinic.com,Male
430,Moria,Fomichyov,mfomichyovbx@g.co,Female
431,Sammie,Gorusso,sgorussoby@fda.gov,Non-binary
432,Ethelbert,Thieme,ethiemebz@discuz.net,Agender
433,Reagen,Farryn,rfarrync0@npr.org,Polygender
434,Boony,Lared,blaredc1@prnewswire.com,Agender
435,Tana,Feasey,tfeaseyc2@wikipedia.org,Genderqueer
436,Orly,Dobble,odobblec3@google.es,Genderqueer
437,Sheila,McGowan,smcgowanc4@japanpost.jp,Agender
438,Oates,Tune,otunec5@spiegel.de,Non-binary
439,Phil,Getcliffe,pgetcliffec6@netlog.com,Genderqueer
440,Carter,Munby,cmunbyc7@constantcontact.com,Female
441,Karil,Cartman,kcartmanc8@netscape.com,Bigender
442,Jody,Collopy,jcollopyc9@biglobe.ne.jp,Male
443,Baudoin,Peascod,bpeascodca@addthis.com,Female
444,Constance,Arnott,carnottcb@telegraph.co.uk,Female
445,Tally,Visco,tviscocc@booking.com,Male
446,Sascha,De Morena,sdemorenacd@twitter.com,Bigender
447,Jeanette,Argue,jarguece@globo.com,Genderqueer
448,Roseanne,Archbutt,rarchbuttcf@vkontakte.ru,Non-binary
449,Bing,Orpin,borpincg@mayoclinic.com,Male
450,Lizzy,Nestoruk,lnestorukch@bandcamp.com,Genderqueer
451,Nathan,MacNucator,nmacnucatorci@slideshare.net,Agender
452,Saba,Dionisi,sdionisicj@imgur.com,Polygender
453,Glendon,Mashal,gmashalck@printfriendly.com,Polygender
454,Thain,Mannion,tmannioncl@seattletimes.com,Genderfluid
455,Dina,Avrahamy,davrahamycm@topsy.com,Bigender
456,Wren,Rappa,wrappacn@devhub.com,Female
457,Tory,Scanlin,tscanlinco@amazon.co.jp,Non-binary
458,Brendan,Coathup,bcoathupcp@xrea.com,Female
459,Charmane,Fearne,cfearnecq@narod.ru,Agender
460,Etta,Friberg,efribergcr@google.ca,Polygender
461,Cordula,Skeel,cskeelcs@cnn.com,Genderfluid
462,Doyle,Fennelow,dfennelowct@google.com,Female
463,Beverie,Cowndley,bcowndleycu@hostgator.com,Polygender
464,Rozina,Western,rwesterncv@answers.com,Non-binary
465,Pearle,Riditch,priditchcw@mlb.com,Genderqueer
466,Carolina,Ilem,cilemcx@google.com,Female
467,Adeline,Booy,abooycy@mediafire.com,Female
468,Birgitta,Clother,bclothercz@ucsd.edu,Agender
469,Bat,Vernalls,bvernallsd0@zdnet.com,Bigender
470,Dahlia,Lightbourn,dlightbournd1@tripod.com,Polygender
471,Ricardo,Tibbles,rtibblesd2@nsw.gov.au,Genderqueer
472,Kyla,Senescall,ksenescalld3@timesonline.co.uk,Bigender
473,Deonne,Cattlemull,dcattlemulld4@w3.org,Genderfluid
474,Mela,Spurgeon,mspurgeond5@adobe.com,Agender
475,Cathryn,Biaggioli,cbiaggiolid6@youtube.com,Bigender
476,Cale,Tolle,ctolled7@mediafire.com,Male
477,Portia,Phinnessy,pphinnessyd8@cloudflare.com,Agender
478,Magnum,Farenden,mfarendend9@cnet.com,Male
479,Bonnie,Gilberthorpe,bgilberthorpeda@nature.com,Genderfluid
480,Robbyn,Mallebone,rmallebonedb@biblegateway.com,Non-binary
481,Baxter,Wibrew,bwibrewdc@photobucket.com,Genderfluid
482,Lianna,Victor,lvictordd@last.fm,Agender
483,Neil,Giurio,ngiuriode@sogou.com,Agender
484,Neilla,Birks,nbirksdf@shop-pro.jp,Male
485,Carin,Mungan,cmungandg@squarespace.com,Genderqueer
486,Gertrude,Burbank,gburbankdh@chicagotribune.com,Genderqueer
487,Carma,Hampton,champtondi@1688.com,Agender
488,Holmes,Ambrosoni,hambrosonidj@yale.edu,Genderqueer
489,Danita,De La Hay,ddelahaydk@sakura.ne.jp,Agender
490,Dacy,Yackiminie,dyackiminiedl@arstechnica.com,Agender
491,Rozina,Courtliff,rcourtliffdm@list-manage.com,Male
492,Roscoe,Hurkett,rhurkettdn@twitpic.com,Genderfluid
493,Theodoric,Witton,twittondo@timesonline.co.uk,Non-binary
494,Alvin,Vaudre,avaudredp@huffingtonpost.com,Bigender
495,Adele,Kitley,akitleydq@sciencedirect.com,Female
496,Barry,Harry,bharrydr@last.fm,Female
497,Winston,Nanni,wnannids@over-blog.com,Male
498,Glenn,Obern,goberndt@chron.com,Female
499,Delmer,Segebrecht,dsegebrechtdu@wiley.com,Agender
500,Wilie,Skace,wskacedv@telegraph.co.uk,Non-binary
501,Binni,Tocque,btocquedw@yelp.com,Bigender
502,Giavani,Knapton,gknaptondx@eventbrite.com,Agender
503,Darda,Lettington,dlettingtondy@adobe.com,Bigender
504,Jedidiah,Guidini,jguidinidz@ezinearticles.com,Female
505,Sean,Loren,slorene0@printfriendly.com,Polygender
506,Warden,Plackstone,wplackstonee1@jigsy.com,Agender
507,Wynn,Wanklin,wwankline2@vinaora.com,Polygender
508,Brucie,Huffadine,bhuffadinee3@blinklist.com,Female
509,Gaultiero,Dacke,gdackee4@craigslist.org,Female
510,Benji,Langdale,blangdalee5@google.com.au,Genderfluid
511,Shaine,Orpin,sorpine6@weather.com,Bigender
512,Edithe,Teasey,eteaseye7@va.gov,Bigender
513,Lolly,O'Lenane,lolenanee8@amazon.co.uk,Genderqueer
514,Annelise,Caseborne,acasebornee9@goo.gl,Male
515,Valry,Lyst,vlystea@dailymail.co.uk,Agender
516,Kare,Du Fray,kdufrayeb@businessinsider.com,Genderqueer
517,Harlan,Caban,hcabanec@sciencedaily.com,Female
518,Marris,Wallentin,mwallentined@friendfeed.com,Agender
519,Petronilla,Shotboulte,pshotboulteee@wordpress.org,Genderfluid
520,Hunter,Catcheside,hcatchesideef@ted.com,Agender
521,Delora,Goodlife,dgoodlifeeg@marriott.com,Agender
522,Annemarie,Warke,awarkeeh@tamu.edu,Genderfluid
523,Candie,Halburton,chalburtonei@adobe.com,Agender
524,Hortense,Timeby,htimebyej@sun.com,Bigender
525,Diane-marie,Wattisham,dwattishamek@oakley.com,Polygender
526,Zebadiah,Chuck,zchuckel@cdbaby.com,Non-binary
527,Toinette,Sumers,tsumersem@miibeian.gov.cn,Female
528,Byron,Genge,bgengeen@latimes.com,Genderfluid
529,Tilly,Flageul,tflageuleo@constantcontact.com,Genderfluid
530,Erasmus,Sainteau,esainteauep@spiegel.de,Male
531,Lorraine,Curbishley,lcurbishleyeq@exblog.jp,Agender
532,Cinda,Forton,cfortoner@live.com,Female
533,Kaylee,Lewin,klewines@xrea.com,Agender
534,Christian,Rilings,crilingset@ucoz.com,Genderqueer
535,Lina,Jeaycock,ljeaycockeu@dropbox.com,Bigender
536,Eartha,Pittam,epittamev@state.tx.us,Genderqueer
537,Bartholemy,Dutnell,bdutnellew@umich.edu,Bigender
538,Tull,Yarnold,tyarnoldex@mozilla.com,Genderqueer
539,Palm,Waterhous,pwaterhousey@nationalgeographic.com,Female
540,Konstanze,Klimentyonok,kklimentyonokez@fc2.com,Non-binary
541,Elston,Lackeye,elackeyef0@redcross.org,Non-binary
542,Sidoney,Lemmanbie,slemmanbief1@usgs.gov,Polygender
543,Rawley,Schoular,rschoularf2@freewebs.com,Genderfluid
544,Ardyce,Duplain,aduplainf3@studiopress.com,Male
545,Joya,Bunford,jbunfordf4@ask.com,Female
546,Alleyn,Banisch,abanischf5@dion.ne.jp,Non-binary
547,Sergio,Peyro,speyrof6@blogtalkradio.com,Female
548,Barrie,Hobell,bhobellf7@slate.com,Non-binary
549,Rollo,Cino,rcinof8@va.gov,Male
550,Rochell,Heffy,rheffyf9@dion.ne.jp,Agender
551,Alene,Ellinor,aellinorfa@soup.io,Male
552,Salomo,Fay,sfayfb@hatena.ne.jp,Non-binary
553,Erek,Eilers,eeilersfc@ox.ac.uk,Genderfluid
554,Leshia,Clac,lclacfd@networkadvertising.org,Agender
555,Rachele,Kisting,rkistingfe@sciencedaily.com,Genderqueer
556,Gal,Booij,gbooijff@blinklist.com,Genderfluid
557,Nina,Bridden,nbriddenfg@google.ru,Genderfluid
558,Stevana,Hall,shallfh@imgur.com,Polygender
559,Veronique,Gunn,vgunnfi@ebay.com,Bigender
560,Cosimo,Del Checolo,cdelchecolofj@qq.com,Non-binary
561,Elmer,Armfield,earmfieldfk@ocn.ne.jp,Male
562,Laure,Mathen,lmathenfl@archive.org,Male
563,Upton,Bonnett,ubonnettfm@etsy.com,Genderfluid
564,Patrice,Whittier,pwhittierfn@geocities.com,Agender
565,Thorstein,Mellody,tmellodyfo@blog.com,Non-binary
566,Teddie,Brazear,tbrazearfp@ning.com,Genderqueer
567,Lucias,Joicey,ljoiceyfq@so-net.ne.jp,Bigender
568,Bethany,Symson,bsymsonfr@ezinearticles.com,Genderqueer
569,Debora,Rattenbury,drattenburyfs@theguardian.com,Female
570,Rowan,Tamas,rtamasft@com.com,Genderfluid
571,Gilbert,Erb,gerbfu@ibm.com,Male
572,Sandra,Reddell,sreddellfv@blog.com,Male
573,Emmalee,Hairs,ehairsfw@chronoengine.com,Genderqueer
574,Jemimah,Marqyes,jmarqyesfx@issuu.com,Agender
575,Levy,Virgoe,lvirgoefy@usnews.com,Polygender
576,Shanna,Von Welldun,svonwelldunfz@independent.co.uk,Genderfluid
577,Gerry,MacDearmid,gmacdearmidg0@exblog.jp,Agender
578,Daniel,Battleson,dbattlesong1@imdb.com,Non-binary
579,Son,Sadlier,ssadlierg2@youku.com,Female
580,Tasia,Passe,tpasseg3@moonfruit.com,Polygender
581,Tarrance,Le land,tlelandg4@jalbum.net,Female
582,Morna,Lyptrade,mlyptradeg5@1688.com,Polygender
583,Merline,Hebble,mhebbleg6@virginia.edu,Bigender
584,Edik,Farquarson,efarquarsong7@gnu.org,Genderqueer
585,Corey,Choat,cchoatg8@cdc.gov,Bigender
586,Shannan,Allot,sallotg9@soup.io,Bigender
587,Salomo,Slate,sslatega@g.co,Non-binary
588,Joshia,Spurgin,jspurgingb@tumblr.com,Non-binary
589,Goddart,Pina,gpinagc@github.com,Polygender
590,Tomaso,Speedin,tspeedingd@opensource.org,Female
591,Gusta,Hylton,ghyltonge@istockphoto.com,Non-binary
592,Lovell,Leas,lleasgf@bloomberg.com,Agender
593,Janette,Younglove,jyounglovegg@tinyurl.com,Non-binary
594,Lanie,Leel,lleelgh@salon.com,Female
595,Filip,Meriet,fmerietgi@cbslocal.com,Male
596,Dwayne,Micah,dmicahgj@businessinsider.com,Male
597,Netty,Szymanski,nszymanskigk@shareasale.com,Polygender
598,Thaxter,Pay,tpaygl@homestead.com,Genderfluid
599,Cristabel,Horsted,chorstedgm@eventbrite.com,Male
600,George,McGuinness,gmcguinnessgn@dailymotion.com,Non-binary
601,Jaye,Tallet,jtalletgo@skype.com,Agender
602,Paton,Coult,pcoultgp@state.tx.us,Female
603,Chrissie,Crowest,ccrowestgq@vinaora.com,Male
604,Obediah,Peeter,opeetergr@cam.ac.uk,Non-binary
605,Josh,Toe,jtoegs@princeton.edu,Genderfluid
606,Henryetta,Ghent,hghentgt@home.pl,Genderqueer
607,Edee,Mounter,emountergu@pen.io,Genderfluid
608,Ranique,Leitche,rleitchegv@etsy.com,Polygender
609,Mirabelle,Markova,mmarkovagw@scientificamerican.com,Bigender
610,Halsy,Kloser,hklosergx@redcross.org,Bigender
611,Pail,Baptist,pbaptistgy@shareasale.com,Agender
612,Crissy,Slyford,cslyfordgz@dion.ne.jp,Bigender
613,Codi,MacPhail,cmacphailh0@histats.com,Genderfluid
614,Ulla,Bertomier,ubertomierh1@a8.net,Non-binary
615,Kissee,McOrkill,kmcorkillh2@creativecommons.org,Female
616,Alister,Hazeldene,ahazeldeneh3@accuweather.com,Female
617,Phylis,Tungay,ptungayh4@cnn.com,Polygender
618,Renee,Popplestone,rpopplestoneh5@timesonline.co.uk,Genderfluid
619,Daniel,Bortolomei,dbortolomeih6@mit.edu,Genderfluid
620,Burton,Kaines,bkainesh7@state.gov,Genderqueer
621,Georgeta,Egentan,gegentanh8@ycombinator.com,Bigender
622,Dennet,Weagener,dweagenerh9@cdbaby.com,Genderqueer
623,Agustin,Binny,abinnyha@networkadvertising.org,Female
624,Gearalt,Andries,gandrieshb@cafepress.com,Polygender
625,Taite,Acklands,tacklandshc@csmonitor.com,Bigender
626,Brucie,Dank,bdankhd@privacy.gov.au,Bigender
627,Marcela,Trewhela,mtrewhelahe@aboutads.info,Polygender
628,Audry,O'Caherny,aocahernyhf@youtube.com,Polygender
629,Devina,Saull,dsaullhg@bigcartel.com,Non-binary
630,Netta,Highway,nhighwayhh@ask.com,Genderfluid
631,Deana,Burns,dburnshi@youtu.be,Non-binary
632,Norby,Dalziell,ndalziellhj@skype.com,Agender
633,April,Seathwright,aseathwrighthk@nymag.com,Bigender
634,Brigid,Everton,bevertonhl@prweb.com,Agender
635,Julita,Mithun,jmithunhm@newyorker.com,Male
636,Marge,Pantecost,mpantecosthn@1und1.de,Female
637,Homere,Acott,hacottho@sourceforge.net,Non-binary
638,Tootsie,Hartzog,thartzoghp@ihg.com,Genderfluid
639,Leyla,Ferrieroi,lferrieroihq@friendfeed.com,Female
640,Gabriell,Silcock,gsilcockhr@tinypic.com,Polygender
641,Kamilah,Archanbault,karchanbaulths@tuttocitta.it,Non-binary
642,Brannon,Klaussen,bklaussenht@apache.org,Non-binary
643,Sherm,Hanalan,shanalanhu@wp.com,Agender
644,Callean,Caulkett,ccaulketthv@ezinearticles.com,Genderfluid
645,Doris,Okenden,dokendenhw@cbsnews.com,Agender
646,Rudyard,Edginton,redgintonhx@yelp.com,Non-binary
647,Felita,Fealey,ffealeyhy@w3.org,Agender
648,Valenka,Maseyk,vmaseykhz@livejournal.com,Genderqueer
649,Alia,Raffles,arafflesi0@nasa.gov,Genderqueer
650,Jenilee,Btham,jbthami1@prlog.org,Polygender
651,Cory,Penketh,cpenkethi2@tmall.com,Female
652,Hugibert,Dablin,hdablini3@addthis.com,Agender
653,Sonya,Mityushkin,smityushkini4@reverbnation.com,Agender
654,Janette,Rillett,jrilletti5@go.com,Genderfluid
655,Blanche,Traill,btrailli6@europa.eu,Polygender
656,Meridith,Wimpress,mwimpressi7@redcross.org,Genderqueer
657,Rayna,Burgh,rburghi8@nsw.gov.au,Polygender
658,Teddie,Antusch,tantuschi9@gizmodo.com,Genderfluid
659,Dyan,Sibbons,dsibbonsia@geocities.com,Genderqueer
660,Paulina,Brychan,pbrychanib@nature.com,Polygender
661,Henrie,Craigheid,hcraigheidic@devhub.com,Non-binary
662,Robena,Dzenisenka,rdzenisenkaid@elpais.com,Genderfluid
663,Darline,Godthaab,dgodthaabie@multiply.com,Non-binary
664,Andriana,Lutwidge,alutwidgeif@amazon.com,Genderqueer
665,Tully,Andrichuk,tandrichukig@ucoz.ru,Male
666,Aeriell,Battaille,abattailleih@ycombinator.com,Bigender
667,Fawne,Ibbs,fibbsii@goo.ne.jp,Agender
668,Eben,Palfreman,epalfremanij@dropbox.com,Genderfluid
669,Kevin,Trevains,ktrevainsik@epa.gov,Genderfluid
670,Nicolis,Sexon,nsexonil@slate.com,Polygender
671,Mandi,Clitsome,mclitsomeim@pbs.org,Polygender
672,Ernesto,Skottle,eskottlein@freewebs.com,Polygender
673,Correy,Kendall,ckendallio@livejournal.com,Genderqueer
674,Bartholomeus,Bertolaccini,bbertolacciniip@utexas.edu,Polygender
675,Tiebold,Snookes,tsnookesiq@who.int,Female
676,Torin,Yakushkin,tyakushkinir@tumblr.com,Bigender
677,Miquela,Cavill,mcavillis@ucsd.edu,Agender
678,Miranda,Sparshatt,msparshattit@chronoengine.com,Genderqueer
679,Aimil,Bransby,abransbyiu@thetimes.co.uk,Non-binary
680,Eleanore,Gepheart,egepheartiv@omniture.com,Female
681,Humberto,McKiernan,hmckiernaniw@newyorker.com,Polygender
682,Doe,Inglefield,dinglefieldix@list-manage.com,Non-binary
683,Blondelle,Petrulis,bpetrulisiy@admin.ch,Genderqueer
684,Aron,Sodeau,asodeauiz@berkeley.edu,Genderqueer
685,Wendell,Muge,wmugej0@creativecommons.org,Agender
686,Abran,Bosward,aboswardj1@yelp.com,Genderqueer
687,Lilian,Menichillo,lmenichilloj2@symantec.com,Male
688,Ashly,Drever,adreverj3@t.co,Agender
689,Michaeline,Molloy,mmolloyj4@hostgator.com,Polygender
690,Kendricks,Clark,kclarkj5@java.com,Agender
691,Gaspard,Plak,gplakj6@wp.com,Polygender
692,Kienan,Makinson,kmakinsonj7@unc.edu,Genderfluid
693,Teddy,McWhorter,tmcwhorterj8@foxnews.com,Genderqueer
694,Goddart,McComish,gmccomishj9@ovh.net,Bigender
695,Juieta,Woliter,jwoliterja@posterous.com,Agender
696,Rufus,Sallis,rsallisjb@go.com,Genderqueer
697,Liva,Hoston,lhostonjc@hc360.com,Female
698,Fitzgerald,Novak,fnovakjd@cyberchimps.com,Bigender
699,Heather,Prantl,hprantlje@npr.org,Polygender
700,Shelia,Toffoletto,stoffolettojf@earthlink.net,Polygender
701,Joana,Fillon,jfillonjg@devhub.com,Bigender
702,Audrye,Chong,achongjh@fastcompany.com,Genderfluid
703,Rosemary,Leftly,rleftlyji@samsung.com,Polygender
704,Teodorico,Idell,tidelljj@zdnet.com,Genderfluid
705,Urban,Glanton,uglantonjk@qq.com,Genderfluid
706,Nevsa,Patient,npatientjl@wikimedia.org,Non-binary
707,Eolande,Slessar,eslessarjm@barnesandnoble.com,Genderfluid
708,Oralla,Stevani,ostevanijn@hao123.com,Bigender
709,Matthus,Da Costa,mdacostajo@edublogs.org,Genderfluid
710,Shamus,Blazewicz,sblazewiczjp@example.com,Genderfluid
711,Cleavland,Newling,cnewlingjq@vimeo.com,Polygender
712,Clem,Filintsev,cfilintsevjr@g.co,Female
713,Nanni,Roggieri,nroggierijs@marriott.com,Bigender
714,Nilson,Blindmann,nblindmannjt@gnu.org,Polygender
715,Sascha,Whitty,swhittyju@dmoz.org,Non-binary
716,Saunders,Chazerand,schazerandjv@soundcloud.com,Genderqueer
717,Ofilia,Sisey,osiseyjw@shareasale.com,Bigender
718,Maximilien,Baston,mbastonjx@buzzfeed.com,Non-binary
719,Brand,Hanse,bhansejy@seattletimes.com,Genderfluid
720,Abbie,Perocci,aperoccijz@exblog.jp,Non-binary
721,Rani,Gott,rgottk0@theatlantic.com,Agender
722,Mei,Monteaux,mmonteauxk1@infoseek.co.jp,Bigender
723,Chet,Rumin,crumink2@icio.us,Non-binary
724,Prentiss,Broschek,pbroschekk3@woothemes.com,Genderqueer
725,Adrian,Gier,agierk4@msu.edu,Non-binary
726,Concordia,Drain,cdraink5@forbes.com,Female
727,Franklin,Kimpton,fkimptonk6@state.tx.us,Genderfluid
728,Sheri,Farfalameev,sfarfalameevk7@hostgator.com,Non-binary
729,Ric,Dran,rdrank8@t-online.de,Agender
730,Akim,Ghilardini,aghilardinik9@nymag.com,Non-binary
731,Merralee,Pinchon,mpinchonka@eventbrite.com,Female
732,Lief,Petyt,lpetytkb@vinaora.com,Agender
733,Der,Greader,dgreaderkc@dailymotion.com,Female
734,Markus,Skepper,mskepperkd@arstechnica.com,Non-binary
735,Natasha,Careless,ncarelesske@example.com,Female
736,Pegeen,Drance,pdrancekf@jalbum.net,Agender
737,Oliviero,Pollett,opollettkg@cmu.edu,Agender
738,Lynea,Vernazza,lvernazzakh@cafepress.com,Bigender
739,Glynda,Goskar,ggoskarki@independent.co.uk,Female
740,Carey,Buxam,cbuxamkj@cpanel.net,Polygender
741,Gerard,Pyecroft,gpyecroftkk@weibo.com,Genderfluid
742,Tabbatha,Rainer,trainerkl@hud.gov,Agender
743,Raquel,Inchcomb,rinchcombkm@youku.com,Female
744,Maxim,Dawdry,mdawdrykn@lulu.com,Bigender
745,Mariejeanne,Baselio,mbaselioko@devhub.com,Non-binary
746,Creight,Flattman,cflattmankp@wunderground.com,Bigender
747,Yuri,Tollerfield,ytollerfieldkq@barnesandnoble.com,Female
748,Deane,Powles,dpowleskr@surveymonkey.com,Non-binary
749,Alene,Akrigg,aakriggks@dion.ne.jp,Male
750,Damiano,Leverson,dleversonkt@wunderground.com,Bigender
751,Fergus,Shitliff,fshitliffku@storify.com,Genderfluid
752,Grata,Lott,glottkv@ezinearticles.com,Bigender
753,Jaine,Carlucci,jcarluccikw@nymag.com,Male
754,Worden,Belfelt,wbelfeltkx@buzzfeed.com,Polygender
755,Torrence,De'Vere - Hunt,tdeverehuntky@youtube.com,Agender
756,Lexis,Greeson,lgreesonkz@prnewswire.com,Female
757,Prince,Farbrother,pfarbrotherl0@amazon.com,Male
758,Guillemette,Sumbler,gsumblerl1@com.com,Male
759,Aleda,Bartoszewicz,abartoszewiczl2@networkadvertising.org,Male
760,Marlo,Lucy,mlucyl3@narod.ru,Genderqueer
761,Simonette,Sammonds,ssammondsl4@auda.org.au,Bigender
762,Megan,MacRory,mmacroryl5@upenn.edu,Agender
763,Harriot,Hoggetts,hhoggettsl6@ft.com,Non-binary
764,Corey,Piwell,cpiwelll7@clickbank.net,Female
765,Lory,Finci,lfincil8@businesswire.com,Male
766,Kerk,Berndtssen,kberndtssenl9@amazon.co.uk,Male
767,Konrad,Waltho,kwalthola@cyberchimps.com,Male
768,Pat,Roake,proakelb@timesonline.co.uk,Agender
769,Raoul,Suatt,rsuattlc@hexun.com,Genderqueer
770,Delphine,Feldbau,dfeldbauld@xing.com,Polygender
771,Madelon,Heball,mheballle@gmpg.org,Genderqueer
772,Elisha,Reinisch,ereinischlf@tamu.edu,Agender
773,Gayle,Chicotti,gchicottilg@csmonitor.com,Agender
774,Matthew,Ghiraldi,mghiraldilh@vk.com,Genderfluid
775,Rakel,Steart,rsteartli@mtv.com,Polygender
776,Octavia,Claus,oclauslj@flickr.com,Genderfluid
777,Ami,Pietasch,apietaschlk@cafepress.com,Polygender
778,Doralia,Skaife d'Ingerthorpe,dskaifedingerthorpell@wix.com,Female
779,Zonda,Bees,zbeeslm@skype.com,Bigender
780,Feodora,Zwicker,fzwickerln@dot.gov,Agender
781,Marnie,Schutze,mschutzelo@people.com.cn,Female
782,Cammie,Kilbride,ckilbridelp@elpais.com,Genderfluid
783,Kenneth,Grzeskowski,kgrzeskowskilq@scribd.com,Polygender
784,Davin,Moro,dmorolr@com.com,Genderfluid
785,Gayler,Scanlin,gscanlinls@answers.com,Genderqueer
786,Almeda,Dowse,adowselt@ibm.com,Genderqueer
787,Frank,Poulston,fpoulstonlu@senate.gov,Genderqueer
788,Wynn,Gallifont,wgallifontlv@utexas.edu,Male
789,Francesca,Petrenko,fpetrenkolw@parallels.com,Genderqueer
790,Mack,Gregoletti,mgregolettilx@aol.com,Male
791,Aggy,Padkin,apadkinly@topsy.com,Bigender
792,Charil,Klageman,cklagemanlz@woothemes.com,Agender
793,Raffaello,Treweek,rtreweekm0@wordpress.org,Male
794,Karyl,Hawkyens,khawkyensm1@dion.ne.jp,Genderqueer
795,Henrie,Zannolli,hzannollim2@google.com,Non-binary
796,Scarface,Ridding,sriddingm3@cornell.edu,Bigender
797,Fayth,Greet,fgreetm4@constantcontact.com,Agender
798,Caresa,Frankcombe,cfrankcombem5@bravesites.com,Polygender
799,Catha,Keyes,ckeyesm6@reference.com,Bigender
800,Alli,Ritmeyer,aritmeyerm7@godaddy.com,Male
801,Marin,Darwood,mdarwoodm8@t.co,Bigender
802,Melvyn,Kaasmann,mkaasmannm9@spotify.com,Genderqueer
803,Amandy,Tennock,atennockma@shutterfly.com,Polygender
804,Tildie,Grealy,tgrealymb@reddit.com,Bigender
805,Myrtia,Orteaux,morteauxmc@spiegel.de,Polygender
806,Raymund,Menere,rmeneremd@sphinn.com,Genderqueer
807,Jonell,Pelerin,jpelerinme@stumbleupon.com,Non-binary
808,Tull,Orleton,torletonmf@accuweather.com,Bigender
809,Ardyce,Berkley,aberkleymg@noaa.gov,Genderfluid
810,Arni,Danovich,adanovichmh@wp.com,Genderqueer
811,Thedric,Willison,twillisonmi@t-online.de,Female
812,Zeb,Ravens,zravensmj@un.org,Female
813,Amble,Headland,aheadlandmk@flickr.com,Male
814,Shaina,Phette,sphetteml@feedburner.com,Genderqueer
815,Curry,Cavanagh,ccavanaghmm@studiopress.com,Male
816,Betty,Heasly,bheaslymn@hp.com,Genderfluid
817,Byron,McElhinney,bmcelhinneymo@mit.edu,Non-binary
818,Jobye,Munnings,jmunningsmp@ocn.ne.jp,Agender
819,Gilberto,Roycroft,groycroftmq@japanpost.jp,Female
820,Corey,Fogt,cfogtmr@nationalgeographic.com,Bigender
821,Diego,Crayker,dcraykerms@1688.com,Bigender
822,Daren,O'Cullinane,docullinanemt@google.com,Genderqueer
823,Murray,Devine,mdevinemu@fotki.com,Male
824,Michal,Thackeray,mthackeraymv@census.gov,Non-binary
825,Margaux,O'Halloran,mohalloranmw@ow.ly,Polygender
826,Gill,Borton,gbortonmx@bbc.co.uk,Polygender
827,Kata,Heinl,kheinlmy@simplemachines.org,Female
828,Roxy,Piet,rpietmz@paypal.com,Female
829,Denise,Rollitt,drollittn0@geocities.jp,Bigender
830,Milicent,Jeanneau,mjeanneaun1@shareasale.com,Genderqueer
831,Milt,Constable,mconstablen2@deliciousdays.com,Female
832,Thorndike,Mathe,tmathen3@va.gov,Female
833,Jackquelin,Hickford,jhickfordn4@furl.net,Agender
834,Wallis,Woakes,wwoakesn5@stanford.edu,Female
835,Lennie,Loynton,lloyntonn6@tinyurl.com,Polygender
836,Marlene,Swinerd,mswinerdn7@slideshare.net,Female
837,Konstantin,Adamthwaite,kadamthwaiten8@1und1.de,Polygender
838,Mendy,Sawl,msawln9@parallels.com,Agender
839,Lillis,Dummett,ldummettna@yellowpages.com,Female
840,Dyann,Dyet,ddyetnb@infoseek.co.jp,Genderqueer
841,Miriam,Bresson,mbressonnc@geocities.com,Female
842,Bronson,Edlington,bedlingtonnd@mtv.com,Female
843,Lucita,Dumbar,ldumbarne@bing.com,Female
844,Chas,Natte,cnattenf@over-blog.com,Agender
845,Corrie,Mucklow,cmucklowng@dailymotion.com,Polygender
846,Mikel,Aspinal,maspinalnh@uol.com.br,Male
847,Ronica,Male,rmaleni@alexa.com,Agender
848,De,Ascough,dascoughnj@sina.com.cn,Female
849,Tammy,Ankrett,tankrettnk@phoca.cz,Genderfluid
850,Luis,Bowshire,lbowshirenl@biblegateway.com,Female
851,Wells,Venturoli,wventurolinm@chronoengine.com,Non-binary
852,Farlee,Fynes,ffynesnn@fastcompany.com,Bigender
853,Doug,Catto,dcattono@ucla.edu,Non-binary
854,Gale,Itzak,gitzaknp@umn.edu,Female
855,Kirby,Hawney,khawneynq@fda.gov,Genderfluid
856,Lee,Greatreax,lgreatreaxnr@illinois.edu,Genderfluid
857,Sadella,Meagh,smeaghns@cnbc.com,Male
858,Blithe,Denziloe,bdenziloent@squarespace.com,Genderqueer
859,Corby,McGeoch,cmcgeochnu@eepurl.com,Non-binary
860,Robina,Chappelow,rchappelownv@earthlink.net,Bigender
861,Arlen,Aldren,aaldrennw@bluehost.com,Bigender
862,Gifford,Edden,geddennx@desdev.cn,Male
863,Lanie,Runnicles,lrunniclesny@netlog.com,Agender
864,Tabitha,Diddams,tdiddamsnz@123-reg.co.uk,Genderqueer
865,Alon,Casbolt,acasbolto0@elegantthemes.com,Non-binary
866,Ermina,Sidden,esiddeno1@flavors.me,Polygender
867,Teressa,Caulliere,tcaulliereo2@i2i.jp,Female
868,Orella,Baudet,obaudeto3@nature.com,Bigender
869,Whitman,Hallan,whallano4@ox.ac.uk,Male
870,Lorraine,McCumesky,lmccumeskyo5@cargocollective.com,Agender
871,Birgit,Lockey,blockeyo6@about.com,Polygender
872,Zed,Desson,zdessono7@xing.com,Genderfluid
873,Simmonds,Swinney,sswinneyo8@friendfeed.com,Non-binary
874,Austin,Luttger,aluttgero9@usgs.gov,Bigender
875,Jeannie,Piscopiello,jpiscopiellooa@geocities.jp,Non-binary
876,Olympie,Chateau,ochateauob@bing.com,Female
877,Kinny,Eppson,keppsonoc@msu.edu,Agender
878,Esmeralda,Camolli,ecamolliod@networkadvertising.org,Male
879,Kingston,Scohier,kscohieroe@hp.com,Male
880,Rheta,Gardner,rgardnerof@i2i.jp,Bigender
881,Gertruda,Dewis,gdewisog@technorati.com,Genderfluid
882,Una,Reichert,ureichertoh@time.com,Polygender
883,Timothea,Powis,tpowisoi@nationalgeographic.com,Bigender
884,Marcelle,Manginot,mmanginotoj@latimes.com,Non-binary
885,Brynna,Nicholls,bnichollsok@house.gov,Genderfluid
886,Koressa,Jerams,kjeramsol@webeden.co.uk,Female
887,Celestina,Caslett,ccaslettom@imgur.com,Female
888,Sybille,Nelmes,snelmeson@state.gov,Female
889,Egor,Bannister,ebannisteroo@msu.edu,Agender
890,Cesaro,Blumfield,cblumfieldop@sciencedaily.com,Agender
891,Karie,Lowder,klowderoq@networkadvertising.org,Agender
892,Wilhelmina,Spirit,wspiritor@oakley.com,Bigender
893,Robinette,Tschirschky,rtschirschkyos@tripod.com,Male
894,Shirley,Ropkins,sropkinsot@usgs.gov,Genderfluid
895,Sergio,Hasling,shaslingou@thetimes.co.uk,Genderqueer
896,Maxi,Reddell,mreddellov@acquirethisname.com,Male
897,Darci,Dossantos,ddossantosow@discovery.com,Female
898,Cirillo,Gebhard,cgebhardox@kickstarter.com,Polygender
899,Dorolice,Brecken,dbreckenoy@com.com,Male
900,Roze,Beardon,rbeardonoz@usatoday.com,Genderqueer
901,Georgena,Vasyukhin,gvasyukhinp0@hubpages.com,Genderqueer
902,Elwin,Kippins,ekippinsp1@usa.gov,Polygender
903,Cindy,Furmage,cfurmagep2@yolasite.com,Female
904,Karl,Iceton,kicetonp3@dion.ne.jp,Non-binary
905,Jorge,Beake,jbeakep4@zdnet.com,Female
906,Mauricio,Glendzer,mglendzerp5@shareasale.com,Genderqueer
907,Paolo,Kennelly,pkennellyp6@about.me,Bigender
908,Aurlie,Clampe,aclampep7@gnu.org,Agender
909,Maurits,Gotthard,mgotthardp8@elegantthemes.com,Polygender
910,Crystal,Marquand,cmarquandp9@wikispaces.com,Genderqueer
911,Adele,Sandeson,asandesonpa@joomla.org,Female
912,Katee,Jayume,kjayumepb@newsvine.com,Female
913,Ileane,Janout,ijanoutpc@reddit.com,Genderfluid
914,Nicolis,Howsam,nhowsampd@youku.com,Genderfluid
915,Perceval,Dudley,pdudleype@unc.edu,Genderqueer
916,Lizette,Pottes,lpottespf@livejournal.com,Bigender
917,Sela,Spenley,sspenleypg@cargocollective.com,Female
918,Lenna,Patnelli,lpatnelliph@rediff.com,Male
919,Kath,Veall,kveallpi@4shared.com,Genderqueer
920,Lianne,Crosskill,lcrosskillpj@amazon.com,Genderqueer
921,Marley,Conningham,mconninghampk@accuweather.com,Male
922,Aldric,Ivantyev,aivantyevpl@about.me,Genderqueer
923,Dorie,Biers,dbierspm@cyberchimps.com,Agender
924,Matias,Miettinen,mmiettinenpn@t.co,Genderfluid
925,Karna,Letixier,kletixierpo@howstuffworks.com,Polygender
926,Rab,Ghelardi,rghelardipp@1und1.de,Agender
927,Camey,Innocenti,cinnocentipq@weather.com,Female
928,Mathilde,Ziehms,mziehmspr@ibm.com,Female
929,Ardeen,Woolsey,awoolseyps@51.la,Genderfluid
930,Cal,Mayow,cmayowpt@seattletimes.com,Polygender
931,Delmer,Sherbrooke,dsherbrookepu@buzzfeed.com,Genderfluid
932,Mauricio,Kempstone,mkempstonepv@buzzfeed.com,Polygender
933,Lucho,Whitton,lwhittonpw@over-blog.com,Agender
934,Ella,Scoyne,escoynepx@google.pl,Male
935,Alair,Ducker,aduckerpy@biblegateway.com,Male
936,Renelle,Groundwator,rgroundwatorpz@yelp.com,Male
937,Prisca,Weiss,pweissq0@google.cn,Genderqueer
938,Marcella,Coweuppe,mcoweuppeq1@smh.com.au,Genderqueer
939,Reba,Sheehan,rsheehanq2@mayoclinic.com,Genderfluid
940,Ryon,Vasilchenko,rvasilchenkoq3@xrea.com,Bigender
941,Lyndy,Gon,lgonq4@oakley.com,Non-binary
942,Paule,Mitkin,pmitkinq5@state.gov,Agender
943,Ced,Rishman,crishmanq6@storify.com,Agender
944,Jdavie,Haine,jhaineq7@privacy.gov.au,Genderqueer
945,Teresina,Buzek,tbuzekq8@miibeian.gov.cn,Male
946,Teddie,Gonsalo,tgonsaloq9@oakley.com,Female
947,Idalia,Hurll,ihurllqa@answers.com,Polygender
948,Leora,Jilliss,ljillissqb@forbes.com,Female
949,Ransell,Piccard,rpiccardqc@51.la,Female
950,Tyrus,Porcher,tporcherqd@sitemeter.com,Genderqueer
951,Steffen,Birchenhead,sbirchenheadqe@over-blog.com,Genderqueer
952,Stefa,Caban,scabanqf@imdb.com,Agender
953,Latrina,Rosnau,lrosnauqg@yelp.com,Polygender
954,Peta,Todari,ptodariqh@ox.ac.uk,Agender
955,Courtney,Mawtus,cmawtusqi@china.com.cn,Agender
956,Ashlan,Andriss,aandrissqj@fotki.com,Male
957,Nikki,Trollope,ntrollopeqk@statcounter.com,Male
958,Omar,Niese,onieseql@vistaprint.com,Polygender
959,Ange,Karpinski,akarpinskiqm@paypal.com,Bigender
960,Fredek,Glaister,fglaisterqn@weibo.com,Non-binary
961,Ninette,Blackborow,nblackborowqo@webmd.com,Genderfluid
962,Abbi,Charrett,acharrettqp@odnoklassniki.ru,Female
963,Terrill,Medgwick,tmedgwickqq@amazon.de,Agender
964,Malia,Nagle,mnagleqr@paginegialle.it,Bigender
965,Jasper,Fontell,jfontellqs@sciencedirect.com,Non-binary
966,Obed,Worsall,oworsallqt@google.com,Genderfluid
967,Free,Brahmer,fbrahmerqu@census.gov,Genderfluid
968,Austen,Matuschek,amatuschekqv@technorati.com,Polygender
969,Gerald,Troppmann,gtroppmannqw@cloudflare.com,Genderqueer
970,Franklyn,Goane,fgoaneqx@addthis.com,Female
971,Tawsha,Sicely,tsicelyqy@virginia.edu,Agender
972,Jordan,Bradbeer,jbradbeerqz@amazon.co.jp,Male
973,Ursa,Leithgoe,uleithgoer0@blogspot.com,Genderqueer
974,Sherry,O'Heneghan,soheneghanr1@feedburner.com,Bigender
975,Zaccaria,McAless,zmcalessr2@shareasale.com,Male
976,Levy,Carver,lcarverr3@phpbb.com,Genderqueer
977,Waylen,Bidewell,wbidewellr4@tumblr.com,Non-binary
978,Bibby,Chessman,bchessmanr5@uol.com.br,Polygender
979,Lovell,Kiledal,lkiledalr6@friendfeed.com,Bigender
980,Felice,Gibbetts,fgibbettsr7@webmd.com,Polygender
981,Michaelina,Laphorn,mlaphornr8@cafepress.com,Genderfluid
982,Celestyna,Shakesby,cshakesbyr9@tripod.com,Genderqueer
983,Shannon,Jovis,sjovisra@barnesandnoble.com,Female
984,Ave,Sibun,asibunrb@netvibes.com,Genderqueer
985,Gabbie,Iban,gibanrc@4shared.com,Bigender
986,Flin,Lesaunier,flesaunierrd@msn.com,Agender
987,Drud,McGucken,dmcguckenre@earthlink.net,Genderfluid
988,Bayard,Liveing,bliveingrf@netlog.com,Polygender
989,Wilone,Magwood,wmagwoodrg@amazon.co.jp,Non-binary
990,Henryetta,Delacroux,hdelacrouxrh@biblegateway.com,Genderqueer
991,Norton,Cressingham,ncressinghamri@uol.com.br,Genderfluid
992,Wendi,Trusse,wtrusserj@google.nl,Genderfluid
993,Ariella,Como,acomork@nifty.com,Genderfluid
994,Casper,Guyver,cguyverrl@bigcartel.com,Female
995,Ayn,Verling,averlingrm@etsy.com,Agender
996,Leta,Rizzillo,lrizzillorn@google.co.uk,Agender
997,Randie,Ruit,rruitro@chronoengine.com,Female
998,Ulrica,Brownsey,ubrownseyrp@nydailynews.com,Non-binary
999,Salmon,Pattle,spattlerq@unesco.org,Bigender
1000,Patrizio,Levins,plevinsrr@google.com,Genderfluid
